Timestamp,Salary,,,,
1564295843020,53204.22582,,Quartile Data for Salary Column,,
1564295844728,48920.94851,,Q1,Q2,Q3
1564295848192,40616.2766,,43404.1058,50169.29889,56862.84004
1564295849903,60012.11298,,,,
1564295851613,45979.71942,,,,
1564295853323,60966.2773,,,,
1564295855034,47779.1883,,,,
1564295856788,53621.39287,,,,
1564295858498,44635.0388,,,,
1564295860208,63633.67472,,,,
1564295861918,43866.65873,,,,
1564295865383,51985.72096,,,,
1564295868848,50534.87268,,,,
1564295870603,42196.50422,,,,
1564295872313,38412.74816,,,,
1564295874023,62483.86882,,,,
1564295877488,66935.18066,,,,
1564295879198,38768.79262,,,,
1564295880908,33575.26958,,,,
1564295882663,58620.63757,,,,
1564295884373,60500.10153,,,,
1564295886128,47532.09271,,,,
1564295887838,59319.48563,,,,
1564295889548,67105.37939,,,,
1564295891258,54667.01204,,,,
1564295893013,51496.38428,,,,
1564295894722,60059.64543,,,,
1564295896432,48376.34748,,,,
1564295899853,53430.55925,,,,
1564295901608,49754.3115,,,,
1564295903318,45042.66543,,,,
1564295905027,49173.26341,,,,
1564295906738,46424.30126,,,,
1564295908493,42978.55074,,,,
1564295911958,32775.60829,,,,
1564295913670,51097.33441,,,,
1564295915378,45377.83672,,,,
1564295917088,42478.36454,,,,
1564295918843,30181.48785,,,,
1564295920555,52174.2251,,,,
1564295922263,46746.50894,,,,
1564295924018,49189.26354,,,,
1564295925727,59342.70976,,,,
1564295927437,42111.96551,,,,
1564295930902,61177.23458,,,,
1564295932611,26005.93864,,,,
1564295934323,43982.64638,,,,
1564295936033,49200.30183,,,,
1564295937788,56902.41206,,,,
1564295939498,54848.12719,,,,
1564295944628,56552.22719,,,,
1564295949847,21842.72208,,,,
1564295951557,50148.28737,,,,
1564295953312,41148.45804,,,,
1564295958488,55684.53602,,,,
1564295963662,54679.99219,,,,
1564295968792,42261.95274,,,,
1564295970501,57570.41453,,,,
1564295979143,56966.06618,,,,
1564295980851,50395.65687,,,,
1564295984272,41237.38189,,,,
1564295987737,61835.33082,,,,
1564295989448,41187.45895,,,,
1564295991203,67379.9977,,,,
1564295994668,42273.75732,,,,
1564295996378,42215.48835,,,,
1564296018789,32507.26326,,,,
1564296020544,63496.44985,,,,
1564296022253,47165.2995,,,,
1564296023965,43013.93442,,,,
1564296025676,45451.7381,,,,
1564296027430,57505.02782,,,,
1564296032560,57106.02445,,,,
1564296034268,41425.46595,,,,
1564296037735,57628.5631,,,,
1564296039490,54373.98172,,,,
1564296042955,56013.28577,,,,
1564296044662,40779.73443,,,,
1564296046417,20978.55929,,,,
1564296048128,25674.58961,,,,
1564296053303,34254.89986,,,,
1564296055012,57050.51172,,,,
1564296056725,46406.55759,,,,
1564296058432,48802.46677,,,,
1564296060142,38933.98477,,,,
1564296061897,30255.74235,,,,
1564296063608,40002.9326,,,,
1564296065362,42708.86641,,,,
1564296067075,47418.04309,,,,
1564296068787,59111.31567,,,,
1564296070493,36230.84708,,,,
1564296072248,45698.04671,,,,
1564296075669,57822.51387,,,,
1564296077380,39753.21326,,,,
1564296082556,43661.66379,,,,
1564296087729,52941.5819,,,,
1564296089438,53047.53371,,,,
1564296091196,39564.16858,,,,
1564296092905,48393.29368,,,,
1564296094615,40101.77349,,,,
1564296096370,58370.85934,,,,
1564296098078,64098.06521,,,,
1564296099789,60090.87926,,,,
1564296103256,40347.97815,,,,
1564296104966,52254.14642,,,,
1564296106675,52213.57962,,,,
1564296108383,82428.67853,,,,
1564296110139,49319.62932,,,,
1564296115268,43457.35962,,,,
1564296117022,51408.77894,,,,
1564296118732,61673.44031,,,,
1564296120488,46434.89239,,,,
1564296122197,48429.28859,,,,
1564296123907,50579.37871,,,,
1564296127372,54160.89828,,,,
1564296129127,36150.9301,,,,
1564296132592,47730.89029,,,,
1564296134347,41598.90785,,,,
1564296137768,55491.37576,,,,
1564296139479,59615.43572,,,,
1564296141188,38018.21178,,,,
1564296142946,50451.23956,,,,
1564296144652,55589.20414,,,,
1564296146363,39366.54989,,,,
1564296148076,47402.57328,,,,
1564296149784,62916.49675,,,,
1564296151541,50649.74706,,,,
1564296153248,55026.44588,,,,
1564296154961,55237.51661,,,,
1564296156671,47803.39303,,,,
1564296158422,37815.097,,,,
1564296160133,49083.82555,,,,
1564296163601,50060.61956,,,,
1564296167021,49109.40018,,,,
1564296168774,54663.90104,,,,
1564296170486,48515.30498,,,,
1564296172195,36871.38217,,,,
1564296173949,57587.32414,,,,
1564296175662,40838.78449,,,,
1564296177371,68392.84059,,,,
1564296179080,72120.56133,,,,
1564296180834,47802.29469,,,,
1564296182544,56662.16288,,,,
1564296184254,51241.64091,,,,
1564296189427,65108.5614,,,,
1564296191137,62613.15375,,,,
1564296196312,59471.98621,,,,
1564296198022,53017.52183,,,,
1564296199732,41112.45597,,,,
1564296201442,41257.17149,,,,
1564296203197,50894.70595,,,,
1564296204907,38638.20778,,,,
1564296208372,41447.3502,,,,
1564296211840,66993.24155,,,,
1564296213549,51824.91203,,,,
1564296215258,58637.9858,,,,
1564296220435,46650.35834,,,,
1564296223852,48689.33296,,,,
1564296229030,46326.47195,,,,
1564296232493,52769.88148,,,,
1564296235913,40527.93515,,,,
1564296237626,69543.22272,,,,
1564296239378,42700.73852,,,,
1564296244556,51164.20503,,,,
1564296246263,42729.73564,,,,
1564296248019,37862.89452,,,,
1564296249728,54111.47822,,,,
1564296251486,62832.97238,,,,
1564296266963,58237.721,,,,
1564296268672,47756.83673,,,,
1564296310027,44284.19889,,,,
1564296311783,46989.37213,,,,
1564296313492,42717.7752,,,,
1564296315248,59611.53374,,,,
1564296316915,46724.02419,,,,
1564296322132,58747.38138,,,,
1564296323843,52163.22893,,,,
1564296325598,35843.9154,,,,
1564296327307,50159.97546,,,,
1564296329018,45076.27309,,,,
1564296334192,35304.15978,,,,
1564296335902,69059.97369,,,,
1564296337657,63406.8746,,,,
1564296339368,62030.66917,,,,
1564296341077,44570.12791,,,,
1564296344542,52872.05816,,,,
1564296346252,52256.18397,,,,
1564296347963,54527.70311,,,,
1564296351428,60113.05749,,,,
1564296353138,65518.49119,,,,
1564296354851,59661.40159,,,,
1564296356559,54259.20002,,,,
1564296360086,46897.4309,,,,
1564296363506,48846.28506,,,,
1564296365290,48246.74849,,,,
1564296370435,45007.75424,,,,
1564296372141,34985.21358,,,,
1564296377310,53130.77236,,,,
1564296379026,53503.4583,,,,
1564296380814,48842.87806,,,,
1564296382491,46079.04254,,,,
1564296384144,44923.53011,,,,
1564296385916,28885.85698,,,,
1564296387625,53082.70366,,,,
1564296389379,57534.18253,,,,
1564296391030,45106.17709,,,,
1564296396340,56694.2943,,,,
1564296401391,28326.40471,,,,
1564296403092,46565.24749,,,,
1564296404859,38705.1141,,,,
1564296406566,54841.72779,,,,
1564296408327,39134.50865,,,,
1564296410033,50520.76246,,,,
1564296411820,32911.84383,,,,
1564296415211,39677.55894,,,,
1564296416913,47922.1119,,,,
1564296418629,53276.14233,,,,
1564296420338,41811.43876,,,,
1564296425516,36569.78261,,,,
1564296429056,42292.89902,,,,
1564296430685,66494.52391,,,,
1564296435805,63793.50871,,,,
1564296437576,43757.2663,,,,
1564296442750,47289.91758,,,,
1564296444580,46730.40091,,,,
1564296446215,57961.5534,,,,
1564296449676,36630.74909,,,,
1564296454856,56344.16096,,,,
1564296460060,57789.08791,,,,
1564296465205,45152.21521,,,,
1564296466911,40732.2742,,,,
1564296468624,48566.70525,,,,
1564296470377,69259.88357,,,,
1564296475584,63954.96428,,,,
1564296480683,50713.9032,,,,
1564296485860,50108.63028,,,,
1564296489262,37619.50789,,,,
1564296490974,49844.53127,,,,
1564296492683,46577.97618,,,,
1564296494393,49177.42131,,,,
1564296499567,54608.76554,,,,
1564296501277,35296.39979,,,,
1564296502987,59772.24273,,,,
1564296508162,59445.04779,,,,
1564296513340,55123.26569,,,,
1564296518512,54620.44372,,,,
1564296520259,55131.01165,,,,
1564296523750,69429.09725,,,,
1564296525455,42000.97486,,,,
1564296527212,51764.71694,,,,
1564296528927,43011.02924,,,,
1564296532420,60356.84503,,,,
1564296534103,43042.89023,,,,
1564296535800,62444.07042,,,,
1564296537517,46930.5812,,,,
1564296540983,48682.56585,,,,
1564296542694,49225.7981,,,,
1564296544400,62363.90291,,,,
1564296546111,59884.98755,,,,
1564296549612,50184.12414,,,,
1564296551286,49956.71503,,,,
1564296556463,60239.54146,,,,
1564296558176,56423.29064,,,,
1564296559929,39522.60576,,,,
1564296561636,51797.34567,,,,
1564296563334,48905.75394,,,,
1564296565138,66292.09476,,,,
1564296566812,38754.9947,,,,
1564296568463,59085.72463,,,,
1564296570219,45412.11049,,,,
1564296571929,51087.86626,,,,
1564296573694,58376.74962,,,,
1564296575409,58719.6449,,,,
1564296577120,47583.26008,,,,
1564296578878,47988.87603,,,,
1564296580660,46351.49092,,,,
1564296585763,55047.45919,,,,
1564296587469,51256.16109,,,,
1564296589180,46279.61333,,,,
1564296590886,54021.72277,,,,
1564296594354,65635.50287,,,,
1564296596139,53393.79857,,,,
1564296597821,48014.88766,,,,
1564296599526,58682.17774,,,,
1564296601281,54382.62915,,,,
1564296602932,42141.83015,,,,
1564296608108,47509.56096,,,,
1564296613240,48077.66767,,,,
1564296614994,40782.33485,,,,
1564296616764,60473.87558,,,,
1564296618475,54595.05742,,,,
1564296623725,50363.24143,,,,
1564296625357,54777.1517,,,,
1564296627113,63989.14129,,,,
1564296628820,55608.5935,,,,
1564296630535,55736.69628,,,,
1564296633938,49131.62569,,,,
1564296635709,26781.5575,,,,
1564296637462,46188.94693,,,,
1564296639250,61193.73364,,,,
1564296640885,60264.75947,,,,
1564296646101,50956.35117,,,,
1564296647811,47159.07631,,,,
1564296649515,40474.9028,,,,
1564296651235,31158.13251,,,,
1564296652989,51129.88047,,,,
1564296656484,52564.13646,,,,
1564296658057,51829.38138,,,,
1564296659871,31754.30357,,,,
1564296661583,67553.73092,,,,
1564296663290,53759.53106,,,,
1564296664943,61081.90322,,,,
1564296670180,41846.02171,,,,
1564296672009,42963.88696,,,,
1564296677106,45687.18013,,,,
1564296680573,42227.17649,,,,
1564296682322,49374.55563,,,,
1564296684026,56876.42427,,,,
1564296689244,62706.67495,,,,
1564296690925,62812.7128,,,,
1564296692635,44947.11904,,,,
1564296697807,53863.42086,,,,
1564296702939,48871.97235,,,,
1564296704769,58036.22257,,,,
1564296706407,31718.00241,,,,
1564296708119,43439.65654,,,,
1564296711580,37025.60806,,,,
1564296713290,60907.73172,,,,
1564296714998,46307.39009,,,,
1564296716753,54284.08632,,,,
1564296722005,55544.34962,,,,
1564296723642,60823.42237,,,,
1564296727102,52880.06491,,,,
1564296728816,48608.00629,,,,
1564296730524,44885.63519,,,,
1564296732175,47942.50753,,,,
1564296733930,57599.75699,,,,
1564296735638,43588.00418,,,,
1564296737440,45790.49026,,,,
1564296740767,34638.50931,,,,
1564296742521,55408.73498,,,,
1564296747652,48047.96019,,,,
1564296749408,40001.9622,,,,
1564296751117,64134.02426,,,,
1564296752873,50561.67352,,,,
1564296758047,51132.50958,,,,
1564296759757,52287.33245,,,,
1564296761512,48608.36717,,,,
1564296763223,55600.78906,,,,
1564296766643,61843.61906,,,,
1564296768398,50600.82773,,,,
1564296773572,54550.74544,,,,
1564296778748,57611.59732,,,,
1564296783878,52772.07421,,,,
1564296785588,27964.95902,,,,
1564296790808,49186.40268,,,,
1564296792522,45612.03688,,,,
1564296794228,41357.83497,,,,
1564296795937,46332.38711,,,,
1564296797692,40928.14504,,,,
1564296799403,53074.54663,,,,
1564296801160,59146.87517,,,,
1564296804578,51007.94514,,,,
1564296806288,46350.04988,,,,
1564296809755,42675.88868,,,,
1564296811463,56452.85736,,,,
1564296813221,39022.67867,,,,
1564296814929,73755.70938,,,,
1564296820103,65590.58514,,,,
1564296821813,51690.36268,,,,
1564296823568,42178.7533,,,,
1564296828746,48662.59855,,,,
1564296832207,46699.99121,,,,
1564296837385,52491.97679,,,,
1564296842560,52260.62568,,,,
1564296844269,54290.02963,,,,
1564296847690,44933.01098,,,,
1564296849446,53274.75923,,,,
1564296851155,73172.65172,,,,
1564296852863,55082.11722,,,,
1564296854575,46437.22289,,,,
1564296856283,73627.4243,,,,
1564296859747,49320.74338,,,,
1564296861457,40418.70713,,,,
1564296863169,41624.22889,,,,
1564296864922,38831.65493,,,,
1564296866635,45443.75077,,,,
1564296868388,40066.63534,,,,
1564296870097,43826.75914,,,,
1564296871852,42062.52104,,,,
1564296873566,28335.36865,,,,
1564296875272,32157.37308,,,,
1564296878695,42506.94736,,,,
1564296880449,56795.02374,,,,
1564296882160,55742.32476,,,,
1564296883868,35724.73844,,,,
1564296885580,53877.24807,,,,
1564296889046,63528.42561,,,,
1564296890752,66690.98211,,,,
1564296892463,50868.90706,,,,
1564296894221,53810.39717,,,,
1564296899349,50071.6841,,,,
1564296901105,42776.92218,,,,
1564296902815,54098.53176,,,,
1564296904523,55263.68526,,,,
1564296907990,37576.96211,,,,
1564296913210,53972.1473,,,,
1564296914918,38458.58252,,,,
1564296916627,60621.64668,,,,
1564296918338,26261.82447,,,,
1564296920094,46687.02027,,,,
1564296925226,49482.53425,,,,
1564296926934,59396.58637,,,,
1564296928688,39605.47019,,,,
1564296930399,43987.51093,,,,
1564296932110,39306.0193,,,,
1564296937286,49552.51558,,,,
1564296939038,27920.06604,,,,
1564296940751,67271.55411,,,,
1564296944212,38007.37352,,,,
1564296945926,51353.46023,,,,
1564296947634,45347.36139,,,,
1564296949391,57723.02108,,,,
1564296954519,55478.34563,,,,
1564296956227,55349.96902,,,,
1564296957986,56983.03793,,,,
1564296963159,34640.0749,,,,
1564296968335,42465.51228,,,,
1564296973463,42319.41622,,,,
1564296978641,39424.16846,,,,
1564296980393,52431.65709,,,,
1564296982105,52460.12613,,,,
1564296983813,53228.29238,,,,
1564296987280,50165.65435,,,,
1564296988991,51267.34976,,,,
1564296990701,57313.66323,,,,
1564296992410,60910.84534,,,,
1564296995874,41782.83769,,,,
1564296997582,38683.58426,,,,
1564297001049,45821.64778,,,,
1564297002761,60718.02875,,,,
1564297007936,54514.35945,,,,
1564297011352,55190.31828,,,,
1564297013108,24631.62643,,,,
1564297014819,53948.72138,,,,
1564297016572,46679.48675,,,,
1564297021704,56563.62532,,,,
1564297023460,39813.11367,,,,
1564297025171,61473.49744,,,,
1564297026881,54515.44217,,,,
1564297028636,45743.68334,,,,
1564297030343,42445.63806,,,,
1564297032052,64365.94768,,,,
1564297033762,51788.38763,,,,
1564297037231,67652.4934,,,,
1564297038940,55156.70242,,,,
1564297040650,41042.64021,,,,
1564297042405,37241.14533,,,,
1564297044115,45090.65212,,,,
1564297045823,38081.67446,,,,
1564297047534,53113.75329,,,,
1564297049243,51914.88982,,,,
1564297052709,49626.67182,,,,
1564297054531,52686.72515,,,,
1564297056236,50855.26706,,,,
1564297057927,49597.00286,,,,
1564297059697,72465.73,,,,
1564297061391,43671.43405,,,,
1564297063103,60039.22443,,,,
1564297064815,52980.22367,,,,
1564297066525,32170.85074,,,,
1564297068279,33111.00358,,,,
1564297071698,55064.30808,,,,
1564297073410,58987.2543,,,,
1564297075120,31658.20857,,,,
1564297076872,59795.98143,,,,
1564297082002,51947.1132,,,,
1564297083760,72206.45822,,,,
1564297085468,33549.08932,,,,
1564297088891,47569.30328,,,,
1564297090644,42667.91744,,,,
1564297092353,31615.11242,,,,
1564297094066,58969.75349,,,,
1564297097569,45843.86449,,,,
1564297099283,51870.40283,,,,
1564297101049,61754.26497,,,,
1564297102748,61399.88062,,,,
1564297107924,51607.18841,,,,
1564297109632,51084.88042,,,,
1564297111342,40823.60439,,,,
1564297116517,40028.29586,,,,
1564297118228,47965.77453,,,,
1564297123402,30974.30505,,,,
1564297125113,51480.85477,,,,
1564297126823,51973.20514,,,,
1564297128577,36267.06654,,,,
1564297133753,43918.80477,,,,
1564297135507,47948.64332,,,,
1564297137220,67836.44009,,,,
1564297142349,47320.47674,,,,
1564297147526,52342.01178,,,,
1564297152697,55726.24656,,,,
1564297154452,65677.84853,,,,
1564297156163,38318.00119,,,,
1564297157872,65778.33825,,,,
1564297159582,59773.96798,,,,
1564297161337,41547.38165,,,,
1564297163047,45485.01479,,,,
1564297164802,41095.82952,,,,
1564297168222,47017.08307,,,,
1564297169977,53132.54497,,,,
1564297171687,54924.55371,,,,
1564297173444,51636.76472,,,,
1564297175152,51103.32009,,,,
1564297176908,61353.12283,,,,
1564297178617,54923.47991,,,,
1564297180375,59748.39637,,,,
1564297182084,51336.99306,,,,
1564297183795,40198.10635,,,,
1564297185505,54895.16161,,,,
1564297187257,49543.29553,,,,
1564297192390,76297.02904,,,,
1564297194097,47096.78095,,,,
1564297195856,62968.06252,,,,
1564297197565,37992.70025,,,,
1564297199276,37433.12133,,,,
1564297200983,57779.32595,,,,
1564297202738,50405.37986,,,,
1564297204447,40785.22776,,,,
1564297206160,61710.85684,,,,
1564297207868,58941.77004,,,,
1564297211336,46978.74358,,,,
1564297213044,51802.77115,,,,
1564297216508,49114.02485,,,,
1564297218266,53499.23976,,,,
1564297219974,48783.74071,,,,
1564297221683,57752.45699,,,,
1564297226857,55158.16823,,,,
1564297228567,34484.61044,,,,
1564297230280,52565.57913,,,,
1564297232033,49770.83017,,,,
1564297233742,53361.26347,,,,
1564297235452,35304.48443,,,,
1564297240627,54663.53235,,,,
1564297245757,35141.33387,,,,
1564297249223,49575.68014,,,,
1564297250977,50674.91897,,,,
1564297252689,39859.39641,,,,
1564297254444,45912.50615,,,,
1564297257863,49729.38307,,,,
1564297261329,58326.44696,,,,
1564297266504,56365.75094,,,,
1564297271680,47034.1567,,,,
1564297273390,41986.60423,,,,
1564297275101,51083.41953,,,,
1564297276855,51060.62102,,,,
1564297278564,59788.09173,,,,
1564297280276,38004.40394,,,,
1564297281983,45053.35792,,,,
1564297283702,45230.47943,,,,
1564297285447,43515.95155,,,,
1564297287159,48253.22814,,,,
1564297288912,41819.3391,,,,
1564297292333,30560.81593,,,,
1564297294043,53216.04121,,,,
1564297297510,47576.83997,,,,
1564297299264,61081.51942,,,,
1564297304393,46707.536,,,,
1564297306104,53060.93532,,,,
1564297307860,52001.3334,,,,
1564297311278,33194.66196,,,,
1564297313050,58653.97294,,,,
1564297318224,38040.34159,,,,
1564297319968,58953.13871,,,,
1564297321685,53432.89926,,,,
1564297323448,56656.29643,,,,
1564297325275,57736.11843,,,,
1564297326864,36793.59197,,,,
1564297328695,52327.40464,,,,
1564297330372,59167.80732,,,,
1564297332037,50990.76006,,,,
1564297335505,47474.00208,,,,
1564297337259,36830.83772,,,,
1564297339014,56571.82842,,,,
1564297340799,45930.94964,,,,
1564297345853,48475.26481,,,,
1564297354388,51661.82771,,,,
1564297368387,70934.83762,,,,
1564297370023,43393.25876,,,,
1564297371773,54401.20206,,,,
1564297373439,73276.13605,,,,
1564297375191,36791.29223,,,,
1564297378614,60416.31006,,,,
1564297383865,55562.30158,,,,
1564297388965,56862.06471,,,,
1564297390679,61574.41778,,,,
1564297395849,42359.21609,,,,
1564297397557,44236.0431,,,,
1564297401100,57198.56293,,,,
1564297402732,21509.09168,,,,
1564297404488,60165.59835,,,,
1564297406200,55262.58087,,,,
1564297411423,56493.82926,,,,
1564297413131,52330.09283,,,,
1564297416760,44598.10789,,,,
1564297418303,40249.76917,,,,
1564297420012,35348.86728,,,,
1564297421726,55828.29377,,,,
1564297426900,20930.4539,,,,
1564297428610,54170.03259,,,,
1564297430316,59939.30738,,,,
1564297432105,65843.8494,,,,
1564297433783,48790.49729,,,,
1564297435492,28820.52982,,,,
1564297437249,49023.836,,,,
1564297438964,21235.8582,,,,
1564297440654,62572.19791,,,,
1564297442363,60983.28256,,,,
1564297444179,49102.57206,,,,
1564297445889,75568.79976,,,,
1564297447674,43424.03157,,,,
1564297451063,53515.75134,,,,
1564297452822,54756.17045,,,,
1564297454530,53259.19152,,,,
1564297456236,56746.50544,,,,
1564297457889,46005.11291,,,,
1564297461412,42775.83627,,,,
1564297463155,56648.09775,,,,
1564297464773,45091.97739,,,,
1564297466544,44727.45187,,,,
1564297468300,50158.23541,,,,
1564297470011,38716.10555,,,,
1564297473431,35574.28749,,,,
1564297475181,38713.06068,,,,
1564297476895,38484.41226,,,,
1564297478724,50172.94343,,,,
1564297480361,45694.4573,,,,
1564297485533,41949.58632,,,,
1564297490709,56802.07358,,,,
1564297492466,57992.39789,,,,
1564297494205,51434.1822,,,,
1564297504463,47496.11603,,,,
1564297506196,50687.60838,,,,
1564297507899,49441.31072,,,,
1564297513149,63201.95008,,,,
1564297518251,56233.29543,,,,
1564297523423,58584.29189,,,,
1564297525137,55488.14159,,,,
1564297530429,51882.88363,,,,
1564297533771,40810.98782,,,,
1564297583663,46868.04386,,,,
1564297585373,54399.95142,,,,
1564297587086,51737.81555,,,,
1564297588793,39458.79947,,,,
1564297590548,72081.60082,,,,
1564297595678,43157.55989,,,,
1564297597433,56271.05852,,,,
1564297599143,44479.56401,,,,
1564297612959,51346.28666,,,,
1564297614671,35679.61635,,,,
1564297643966,59075.53159,,,,
1564297645810,49892.31756,,,,
1564297647439,58168.5015,,,,
1564297649198,67096.19619,,,,
1564297650908,40299.40098,,,,
1564297652619,52925.35121,,,,
1564297654332,43355.10894,,,,
1564297656082,50802.44873,,,,
1564297657733,40558.01455,,,,
1564297659500,30563.69295,,,,
1564297661289,51883.71575,,,,
1564297666388,50978.27145,,,,
1564297668037,45785.27521,,,,
1564297669749,56710.17078,,,,
1564297671505,59405.49618,,,,
1564297673258,75202.52597,,,,
1564297675014,67596.67829,,,,
1564297676861,57761.65653,,,,
1564297678568,45782.5856,,,,
1564297681917,54279.77522,,,,
1564297683622,49449.68291,,,,
1564297685383,61093.8174,,,,
1564297688753,56127.46413,,,,
1564297690510,63995.05755,,,,
1564297692295,52991.65302,,,,
1564297693930,61202.58352,,,,
1564297695636,45482.38352,,,,
1564297697392,63999.4842,,,,
1564297699043,53637.71421,,,,
1564297700753,54426.89027,,,,
1564297702464,43935.659,,,,
1564297704219,66343.83466,,,,
1564297707777,40192.6133,,,,
1564297709452,47378.15634,,,,
1564297711105,53008.15251,,,,
1564297712915,48015.9004,,,,
1564297714629,46826.29773,,,,
1564297716338,53374.19346,,,,
1564297718036,31138.98842,,,,
1564297721515,32625.09471,,,,
1564297723255,72599.47147,,,,
1564297724921,21593.58777,,,,
1564297726692,69921.22315,,,,
1564297728401,74118.53507,,,,
1564297730110,43513.89032,,,,
1564297731758,52782.39907,,,,
1564297819643,49880.59665,,,,
1564297826528,43884.75586,,,,
1564297828283,39608.70424,,,,
1564297829993,51850.40846,,,,
1564301072316,54892.2454,,,,
1564301074383,53888.31695,,,,
1564301077488,55877.77764,,,,
1564301079040,48174.72377,,,,
1564301080076,59850.20854,,,,
1564301081110,62841.47399,,,,
1564301082148,31110.20304,,,,
1564301085251,51124.5589,,,,
1564301086286,74006.37015,,,,
1564301088357,55253.43948,,,,
1564301089391,64767.46581,,,,
1564301092497,57440.92614,,,,
1564301094566,48742.11045,,,,
1564301095602,48086.47519,,,,
1564301097671,55890.1279,,,,
1564301100778,48047.27944,,,,
1564301103365,48484.43511,,,,
1564301103888,58858.29554,,,,
1564301104916,42659.06788,,,,
1564301105953,63778.65216,,,,
1564301107504,55328.45815,,,,
1564301108022,39815.97062,,,,
1564301109057,42884.83238,,,,
1564301111644,49392.88503,,,,
1564301112164,46172.93108,,,,
1564301113199,54711.00145,,,,
1564301114749,57792.58325,,,,
1564301119406,38084.40903,,,,
1564301120443,39400.94647,,,,
1564301123031,65709.86843,,,,
1564301123550,48975.71947,,,,
1564301126134,57420.88626,,,,
1564301126653,49734.67691,,,,
1564301130274,53382.61462,,,,
1564301130794,49403.26545,,,,
1564301135967,63100.30174,,,,
1564301138039,54793.10481,,,,
1564301139071,60150.57992,,,,
1564301144248,51536.227,,,,
1564301145281,53586.76148,,,,
1564301146316,69379.67742,,,,
1564301151491,47318.67618,,,,
1564301153563,62532.60494,,,,
1564301155634,57147.54805,,,,
1564301156667,60423.07198,,,,
1564301157704,46837.47344,,,,
1564301159255,65915.99072,,,,
1564301214016,52819.02694,,,,
1564301220545,46112.15468,,,,
1564301222297,70587.17868,,,,
1564301224006,36725.06391,,,,
1564301227429,76590.84498,,,,
1564301229184,53681.59342,,,,
1564301234312,36529.35756,,,,
1564301236159,58946.86895,,,,
1564301237778,56972.64316,,,,
1564301242952,36112.16677,,,,
1564301244663,38053.30877,,,,
1564301246373,70605.69601,,,,
1564301251682,34164.78624,,,,
1564301253349,56132.31785,,,,
1564301258611,50138.07535,,,,
1564301260774,43836.06955,,,,
1564301261945,39180.0553,,,,
1564301265318,47013.41387,,,,
1564301284265,61309.73516,,,,
1564301286016,62393.73341,,,,
1564301291146,43833.86347,,,,
1564301292857,49129.94777,,,,
1564301298032,44050.8676,,,,
1564301299787,32136.98904,,,,
1564301301497,38098.25926,,,,
1564301303208,47956.45163,,,,
1564301308384,37499.83132,,,,
1564301313558,71866.0469,,,,
1564301315269,49198.47996,,,,
1564301317024,40051.63621,,,,
1564301318733,44141.015,,,,
1564301323953,53626.4939,,,,
1564301329083,44203.87629,,,,
1564301334259,68334.85319,,,,
1564301339434,38944.78051,,,,
1564301344606,64437.13281,,,,
1564301346316,44358.66528,,,,
1564301348027,46278.96733,,,,
1564301353203,53578.88146,,,,
1564301358377,54569.85701,,,,
1564301363600,40379.09695,,,,
1564301367019,59353.85249,,,,
1564301368728,54192.48988,,,,
1564301373947,54007.15247,,,,
1564301379078,44218.17524,,,,
1564301384299,65072.81863,,,,
1564301389383,29612.01268,,,,
1564301392981,54538.40302,,,,
1564301394556,32477.81441,,,,
1564301397976,54244.87873,,,,
1564301399731,51463.41837,,,,
1564301404907,39967.30047,,,,
1564301406660,51254.71024,,,,
1564301408371,36021.71509,,,,
1564301410081,40626.33584,,,,
1564301411836,33525.01107,,,,
1564301415300,38485.57102,,,,
1564301417012,53898.2577,,,,
1564301418721,34609.87067,,,,
1564301420431,50161.83367,,,,
1564301422186,56513.37658,,,,
1564301427316,46094.36355,,,,
1564301432490,51587.48735,,,,
1564301437665,53174.05446,,,,
1564301442796,56740.47216,,,,
1564301448016,44602.04061,,,,
1564301449727,26273.8217,,,,
1564301454901,47392.60426,,,,
1564301456655,47445.65016,,,,
1564301461830,51742.56081,,,,
1564301467006,61333.90249,,,,
1564301472135,39627.84771,,,,
1564301477313,63366.52543,,,,
1564301482487,42309.25882,,,,
1564301485906,44456.0808,,,,
1564301487617,50709.65781,,,,
1564301491080,62513.15396,,,,
1564301492837,53425.79753,,,,
1564301498147,67429.45281,,,,
1564301499946,71629.99477,,,,
1564301501477,38519.38317,,,,
1564301503186,40702.81929,,,,
1564301504897,52207.72892,,,,
1564301506606,58939.91131,,,,
1564301511918,35446.37086,,,,
1564301513581,44169.45729,,,,
1564301518981,44711.70582,,,,
1564301522221,64402.22826,,,,
1564301523886,58797.47718,,,,
1564301529019,58713.9486,,,,
1564301530772,48337.46796,,,,
1564301532481,22746.76563,,,,
1564301537703,49222.23938,,,,
1564301541122,55658.36914,,,,
1564301546298,56605.03503,,,,
1564301551428,58709.38366,,,,
1564301554894,80785.78987,,,,
1564301556603,52516.93759,,,,
1564301561777,52221.03737,,,,
1564301565197,50216.29533,,,,
1564301566954,50444.02089,,,,
1564301572126,50024.52967,,,,
1564301573837,46016.94375,,,,
1564301575592,54072.29349,,,,
1564301580766,61018.98329,,,,
1564301582522,53508.23728,,,,
1564301584232,50965.70498,,,,
1564301589363,40469.0868,,,,
1564301592828,45863.68816,,,,
1564301594538,44143.29379,,,,
1564301599712,49392.13626,,,,
1564301601423,37513.21156,,,,
1564301603133,52787.16723,,,,
1564301608307,68137.87674,,,,
1564301610015,35485.3683,,,,
1564301611771,66520.48819,,,,
1564301613481,42922.33308,,,,
1564301615191,50734.5177,,,,
1564301616949,61757.31744,,,,
1564301620411,61759.75874,,,,
1564301622121,44506.6998,,,,
1564301623877,38163.49306,,,,
1564301625586,70542.73689,,,,
1564301627341,59046.63403,,,,
1564301632470,56665.11313,,,,
1564301634181,64273.44536,,,,
1564301639356,52579.24888,,,,
1564301642821,44567.45701,,,,
1564301646241,33262.2511,,,,
1564301649841,48510.59662,,,,
1564301651416,45316.82919,,,,
1564301653127,59675.71787,,,,
1564301654838,57969.27098,,,,
1564301656592,48189.69545,,,,
1564301658303,62631.68294,,,,
1564301661767,42652.48003,,,,
1564301663478,52969.3194,,,,
1564301666897,38369.34476,,,,
1564301668653,55457.43172,,,,
1564301672072,39628.91394,,,,
1564301673783,43304.33901,,,,
1564301675537,52913.97245,,,,
1564301677248,45015.47355,,,,
1564301678957,62560.33338,,,,
1564301680668,65192.44146,,,,
1564301684133,46870.69264,,,,
1564301685843,48365.2092,,,,
1564301691016,64958.40886,,,,
1564301692727,44842.74505,,,,
1564301694616,42825.38722,,,,
1564301696326,61607.201,,,,
1564301698126,49145.28876,,,,
1564301699657,64743.90721,,,,
1564301701412,43027.25317,,,,
1564301703077,44285.55217,,,,
1564301705011,49124.06065,,,,
1564301710007,72120.66153,,,,
1564301711941,33917.80768,,,,
1564301713743,57921.16447,,,,
1564301718647,27470.68454,,,,
1564301720312,35671.33592,,,,
1564301722021,35029.97012,,,,
1564301723867,47489.5439,,,,
1564301729761,56769.27957,,,,
1564301734622,56260.32686,,,,
1564301736016,53668.31305,,,,
1564301737636,50663.88109,,,,
1564301741281,52078.97838,,,,
1564301743081,62404.38725,,,,
1564301744433,43969.62432,,,,
1564301747086,41581.73324,,,,
1564301748032,39908.61203,,,,
1564301749967,43464.98621,,,,
1564301751316,38060.41377,,,,
1564301753836,39515.78424,,,,
1564301755009,47986.45279,,,,
1564301760406,54065.56947,,,,
1564301765716,49425.91091,,,,
1564301766889,62008.6633,,,,
1564301768733,45891.43137,,,,
1564301774401,51427.29761,,,,
1564301778946,74520.07877,,,,
1564301780703,63322.25702,,,,
1564301784123,47114.08652,,,,
1564301787541,34921.3198,,,,
1564301792717,58410.66727,,,,
1564301794428,65659.98711,,,,
1564301799603,64145.76878,,,,
1564301803023,53227.14633,,,,
1564301804734,53070.10598,,,,
1564301809952,65042.05691,,,,
1564301813373,62662.6522,,,,
1564301815084,39853.33825,,,,
1564301818546,46974.37001,,,,
1564301820257,46816.31536,,,,
1564301825432,41520.15961,,,,
1564301827143,59496.22183,,,,
1564301828852,50545.477,,,,
1564301832316,45587.0085,,,,
1564301834026,63013.03436,,,,
1564301839201,39890.24173,,,,
1564301842623,47886.5934,,,,
1564301844379,63253.05329,,,,
1564301846087,57437.04798,,,,
1564301849553,35172.38144,,,,
1564301853018,44061.97432,,,,
1564301854771,41802.83692,,,,
1564301856482,48313.82096,,,,
1564301858191,44601.64743,,,,
1564301861657,55076.53476,,,,
1564301863368,53773.5676,,,,
1564301866789,65514.03181,,,,
1564301868496,56316.29041,,,,
1564301873673,57772.53077,,,,
1564301877138,39986.34858,,,,
1564301878848,63629.2836,,,,
1564301882267,48252.45173,,,,
1564301884023,64211.45869,,,,
1564301889199,42832.89141,,,,
1564301890908,55694.20097,,,,
1564301892661,56830.48769,,,,
1564301897837,59391.21705,,,,
1564301901303,56021.18605,,,,
1564301903012,54340.68962,,,,
1564301908186,55253.50152,,,,
1564301909898,34612.99462,,,,
1564301913318,39974.46295,,,,
1564301916782,60644.32475,,,,
1564301920429,47158.80057,,,,
1564301921958,57871.8657,,,,
1564301927222,60640.83857,,,,
1564301928842,73818.84731,,,,
1564301930597,38977.29318,,,,
1564301932306,39752.86571,,,,
1564301934288,73108.61568,,,,
1564301939327,54159.41538,,,,
1564301944369,35040.76549,,,,
1564301949542,40009.44068,,,,
1564301951701,53267.41213,,,,
1564301953006,19763.17598,,,,
1564301954897,44493.07591,,,,
1564301958408,49607.84287,,,,
1564301960026,55172.84283,,,,
1564301963356,53543.70027,,,,
1564301965021,51270.12895,,,,
1564301968532,58797.2948,,,,
1564301970533,42330.16398,,,,
1564301975417,39359.53289,,,,
1564301977218,44901.92963,,,,
1564301978971,40095.23899,,,,
1564301984011,60458.20222,,,,
1564301989502,61034.54778,,,,
1564301991121,40932.903,,,,
1564301992741,42940.80365,,,,
1564301994723,55859.13103,,,,
1564301996432,49120.55738,,,,
1564301997781,43535.72287,,,,
1564302002956,40118.43894,,,,
1564302008177,51126.65593,,,,
1564302009933,38795.54894,,,,
1564302011642,40380.42327,,,,
1564302015062,62074.75586,,,,
1564302016774,40264.93031,,,,
1564302018526,45313.89021,,,,
1564302023658,38126.99334,,,,
1564302025368,56652.31744,,,,
1564302027121,37668.9467,,,,
1564302028831,51384.78058,,,,
1564302030588,63182.89527,,,,
1564302032297,40874.03177,,,,
1564302034006,58532.5021,,,,
1564302035717,49416.44331,,,,
1564302037472,40965.11537,,,,
1564302042602,54198.23798,,,,
1564302044311,66285.82235,,,,
1564302049532,53513.804,,,,
1564302054798,47147.86213,,,,
1564302056419,42293.59579,,,,
1564302058127,43088.7153,,,,
1564302059883,41129.68936,,,,
1564302061593,47058.2359,,,,
1564302063438,54845.76931,,,,
1564302066721,52774.9682,,,,
1564302068476,42249.53729,,,,
1564302070188,53313.8885,,,,
1564302071896,58697.7207,,,,
1564302073606,49724.04211,,,,
1564302075364,45291.32166,,,,
1564302077073,52577.30599,,,,
1564302078826,50141.62521,,,,
1564302082253,55859.45735,,,,
1564302085712,55537.89317,,,,
1564302087421,49904.61561,,,,
1564302089131,59092.46991,,,,
1564302090886,66277.03507,,,,
1564302092596,48815.8247,,,,
1564302094353,46564.6627,,,,
1564302099480,41326.29169,,,,
1564302104702,36301.30559,,,,
1564302109832,59860.99892,,,,
1564302111541,52080.58562,,,,
1564302113251,71955.01486,,,,
1564302118427,49403.21436,,,,
1564302123601,39391.43864,,,,
1564302125356,56308.31688,,,,
1564302128776,33487.93204,,,,
1564302130486,51846.61055,,,,
1564302132199,46567.73627,,,,
1564302135662,60249.20924,,,,
1564302137370,44684.25629,,,,
1564302139127,57742.9084,,,,
1564302140836,72886.63486,,,,
1564302142592,43551.99114,,,,
1564302146056,45058.03535,,,,
1564302147766,62929.69557,,,,
1564376652243,54858.36318,,,,
1564376653277,52238.04251,,,,
1564376654312,31058.91078,,,,
1564376655347,37271.52566,,,,
1564376657417,37905.49692,,,,
1564376658452,47860.20423,,,,
1564376659487,55499.68856,,,,
1564376660522,51053.43005,,,,
1564376661557,47243.59413,,,,
1564376662592,49548.34087,,,,
1564376663627,48439.3407,,,,
1564376665179,44696.90698,,,,
1564376665696,36356.01623,,,,
1564376667767,66762.84746,,,,
1564376668802,63172.33302,,,,
1564376669837,44315.49444,,,,
1564376670872,58899.94291,,,,
1564376672942,49329.2197,,,,
1564376673977,61682.38587,,,,
1564376679151,46392.54245,,,,
1564376684327,45286.01223,,,,
1564376688467,53383.36184,,,,
1564376691572,44384.39235,,,,
1564376692607,39648.74837,,,,
1564376697783,34173.10225,,,,
1564376698818,53117.4129,,,,
1564376699852,47835.78866,,,,
1564376705027,65465.6726,,,,
1564376710202,47036.30161,,,,
1564376711237,34937.39891,,,,
1564376714342,54385.92046,,,,
1564376715377,63173.23551,,,,
1564376716412,50228.8523,,,,
1564376717447,50704.71942,,,,
1564376718482,57956.9259,,,,
1564376719517,55086.83774,,,,
1564376720552,43708.52239,,,,
1564376721587,44622.62906,,,,
1564376722622,41897.33908,,,,
1564376723657,46494.14476,,,,
1564376724691,40334.50633,,,,
1564376725727,41198.77814,,,,
1564376726762,45051.35465,,,,
1564376728832,61503.40823,,,,
1564376729867,30283.28822,,,,
1564376730902,50560.87305,,,,
1564376731937,61023.62017,,,,
1564376732972,63968.74945,,,,
1564376734007,61569.22441,,,,
1564376735042,48215.80508,,,,
1564376736081,45434.53358,,,,
1564376737112,46265.11027,,,,
1564376738147,57723.62393,,,,
1564376750569,52569.38218,,,,
1564376750587,63863.06117,,,,
1564376751602,75624.20703,,,,
1564376752637,49370.08321,,,,
1564376754708,42779.95546,,,,
1564376759882,68366.55475,,,,
1564376760917,40396.71781,,,,
1564376761953,37775.81583,,,,
1564376764023,52429.92979,,,,
1564376769199,60855.67764,,,,
1564376769206,43012.92687,,,,
1564376771267,40269.31731,,,,
1564376772302,57199.14459,,,,
1564376774373,27700.68157,,,,
1564376775407,36924.52081,,,,
1564376776442,44212.40289,,,,
1564376777477,44689.8698,,,,
1564376779547,44791.25403,,,,
1564376780583,54769.04538,,,,
1564376781617,54188.1708,,,,
1564376784725,49543.91428,,,,
1564376784735,59790.75017,,,,
1564376785757,70196.13222,,,,
1564376787827,57900.60725,,,,
1564376788862,34591.88333,,,,
1564376794037,50544.66881,,,,
1564376800249,54660.21247,,,,
1564376804387,41227.53856,,,,
1564376808527,29984.96105,,,,
1564376809562,39907.97987,,,,
1564376810597,59794.33815,,,,
1564376811632,53303.2231,,,,
1564376812667,35755.48579,,,,
1564376815774,49541.40948,,,,
1564376815781,59984.81892,,,,
1564376816807,66955.03971,,,,
1564376817842,52159.77448,,,,
1564376823017,46395.15949,,,,
1564376824052,50057.16234,,,,
1564376825087,52069.78622,,,,
1564376831299,34495.45582,,,,
1564376834402,51578.53004,,,,
1564376839577,44499.5172,,,,
1564376844753,61983.12247,,,,
1564376849930,45676.92659,,,,
1564376849939,48210.59064,,,,
1564376851997,59837.21564,,,,
1564376853033,41825.87833,,,,
1564376858207,47465.87561,,,,
1564376859242,60197.72608,,,,
1564376860277,56670.1812,,,,
1564376861312,53692.18234,,,,
1564376866490,42785.18095,,,,
1564376866496,47274.20026,,,,
1564376867522,48016.03551,,,,
1564376872697,46586.16788,,,,
1564376873732,64421.21863,,,,
1564376874767,53048.83939,,,,
1564376878907,51196.28818,,,,
1564376879943,50759.90192,,,,
1564376882015,36371.60231,,,,
1564376882023,54429.15117,,,,
1564376887187,45804.7632,,,,
1564376888222,57070.80137,,,,
1564376889257,43773.2091,,,,
1564376891326,63515.05938,,,,
1564376892362,56091.06433,,,,
1564376893397,54780.16894,,,,
1564376894432,65530.02674,,,,
1564376899606,64051.08116,,,,
1564376900642,70768.6255,,,,
1564376901677,45531.0344,,,,
1564376902712,42755.06264,,,,
1564376905817,40040.1823,,,,
1564376906852,56998.20316,,,,
1564376907887,43397.46388,,,,
1564376908921,45921.29211,,,,
1564376909957,61711.58712,,,,
1564376910991,54022.34812,,,,
1564376916168,52097.19836,,,,
1564376918237,49580.79762,,,,
1564376919272,53490.40008,,,,
1564376923412,46882.08877,,,,
1564376925485,64483.11707,,,,
1564376925493,43937.25514,,,,
1564376926517,49692.6824,,,,
1564376930657,57478.02893,,,,
1564376932209,60878.49347,,,,
1564376932727,38922.61225,,,,
1564376933762,62801.31953,,,,
1564376934797,54004.02254,,,,
1564376935832,57226.63269,,,,
1564376938937,33863.66567,,,,
1564376942045,40362.86227,,,,
1564376942053,44345.78976,,,,
1564376946182,56621.91925,,,,
1564376947218,58802.65069,,,,
1564376948252,48090.79733,,,,
1564376949287,59293.21414,,,,
1564376950322,39032.49471,,,,
1564376951357,42510.03427,,,,
1564376952392,58407.45548,,,,
1564376953427,37088.35397,,,,
1564376954980,39081.69868,,,,
1564376955498,31897.5042,,,,
1564376957570,49362.84874,,,,
1564376957578,65282.97065,,,,
1564376960673,46426.35455,,,,
1564376961707,44760.18651,,,,
1564376964812,58288.49196,,,,
1564376965847,43009.03825,,,,
1564376971022,48429.42796,,,,
1564376975165,53161.22938,,,,
1564376975173,46263.83381,,,,
1564376977232,49712.80757,,,,
1564376978267,58255.43305,,,,
1564376980337,52147.61349,,,,
1564376981372,49493.66246,,,,
1564376985513,47148.56807,,,,
1564376986547,60791.5922,,,,
1564376988617,49800.94813,,,,
1564376990689,46717.70063,,,,
1564376992758,52755.16287,,,,
1564376993792,56838.82462,,,,
1564376998967,40410.01384,,,,
1564377000003,49319.34119,,,,
1564377006213,48424.93236,,,,
1564377010353,28565.11736,,,,
1564377014492,68422.07877,,,,
1564377019668,61797.26538,,,,
1564377021739,70198.8303,,,,
1564377021752,36100.28876,,,,
1564377026912,61093.72027,,,,
1564377027947,67460.2686,,,,
1564377030017,50979.51427,,,,
1564377031052,60752.10013,,,,
1564377035192,59791.03905,,,,
1564377037780,40368.72168,,,,
1564377039332,58772.69428,,,,
1564377040367,51170.62745,,,,
1564377042439,32215.32734,,,,
1564377043472,48597.3622,,,,
1564377048647,55853.64712,,,,
1564377051752,46808.91667,,,,
1564377052787,55242.8019,,,,
1564377053822,50843.36337,,,,
1564377056926,51259.58002,,,,
1564377057961,39702.41319,,,,
1564377062103,58415.58692,,,,
1564377063138,42251.60609,,,,
1564377065207,37363.86888,,,,
1564377066242,63753.65264,,,,
1564377067277,57965.69247,,,,
1564377068312,59989.58994,,,,
1564377069347,54338.82875,,,,
1564377070382,55310.79947,,,,
1564377073489,51629.73584,,,,
1564377074523,39441.14406,,,,
1564377075557,55118.98655,,,,
1564377076593,55962.85983,,,,
1564377077627,57958.43051,,,,
1564377078662,53730.5632,,,,
1564377083839,45551.61328,,,,
1564377085907,48014.76688,,,,
1564377086942,55033.15068,,,,
1564377089013,37255.64339,,,,
1564377089021,52696.30324,,,,
1564377094187,62018.38427,,,,
1564377095222,47991.31717,,,,
1564377100397,70326.16032,,,,
1564377105571,80182.43388,,,,
1564377107643,56595.80745,,,,
1564377108678,64214.13024,,,,
1564377109713,55034.38995,,,,
1564377110746,50450.75926,,,,
1564377115922,42977.6842,,,,
1564377116957,30217.63675,,,,
1564377117994,47037.79237,,,,
1564377119027,48490.72274,,,,
1564377120061,48724.03824,,,,
1564377184232,57966.25118,,,,
1564377185267,58347.81381,,,,
1564377189407,48375.42285,,,,
1564377194581,62265.05792,,,,
1564377195617,72682.78063,,,,
1564377196653,67621.48715,,,,
1564377197687,18093.01859,,,,
1564377199757,45016.34854,,,,
1564377200792,47951.95153,,,,
1564377201827,52536.85395,,,,
1564377202863,66508.20468,,,,
1564377207002,60248.77987,,,,
1564377208037,57135.72709,,,,
1564377209073,61393.53986,,,,
1564377210107,49987.94963,,,,
1564377212240,44882.0144,,,,
1564377212250,51438.29585,,,,
1564377213275,39940.98593,,,,
1564377218439,50824.3364,,,,
1564377223630,48334.11505,,,,
1564377224597,55697.2449,,,,
1564377230873,43648.99905,,,,
1564377230888,48697.97785,,,,
1564377231903,53272.38107,,,,
1564377232879,54461.13327,,,,
1564377233912,58196.77558,,,,
1564377234947,66653.7913,,,,
1564377240131,46997.22169,,,,
1564377241157,39178.8112,,,,
1564377242251,56359.82173,,,,
1564377246393,51185.95811,,,,
1564377246410,46950.30983,,,,
1564377247412,44456.86684,,,,
1564377248454,52037.10899,,,,
1564377249499,40162.76438,,,,
1564377250533,46809.31451,,,,
1564377253625,44767.13319,,,,
1564377254612,58745.95518,,,,
1564377259851,37706.23971,,,,
1564377265999,47785.17063,,,,
1564377503535,47891.87145,,,,
1564377505605,54609.17912,,,,
1564377506639,37547.82743,,,,
1564377507674,58578.82487,,,,
1564377508709,58667.08291,,,,
1564377509744,38961.1703,,,,
1564377510779,62769.93637,,,,
1564377511814,52937.4271,,,,
1564377512849,44396.17243,,,,
1564377518024,73358.20967,,,,
1564377519059,46746.3564,,,,
1564377524234,53257.4795,,,,
1564377525269,43089.37096,,,,
1564377529410,51434.68811,,,,
1564377533549,50524.9679,,,,
1564377534584,74279.11933,,,,
1564377539759,48476.31168,,,,
1564377542864,37609.44024,,,,
1564377543899,41336.59884,,,,
1564377549074,70963.73054,,,,
1564377553214,61527.4169,,,,
1564377554249,59299.51755,,,,
1564377558389,44273.40611,,,,
1564377560459,46916.76005,,,,
1564377562012,57135.79445,,,,
1564377562529,48983.24441,,,,
1564377563564,40996.00305,,,,
1564377568739,43374.29545,,,,
1564377569774,45740.00668,,,,
1564377570809,50314.61084,,,,
1564377572879,41038.23076,,,,
1564377573914,37839.10646,,,,
1564377574949,66322.68282,,,,
1564377575984,64501.79894,,,,
1564377580124,41317.59866,,,,
1564377581161,44820.26894,,,,
1564377583231,46138.81313,,,,
1564377584264,56659.57177,,,,
1564377588405,52173.75557,,,,
1564377593579,56670.10751,,,,
1564377594614,53361.90868,,,,
1564377599790,44800.44391,,,,
1564377604964,51397.22417,,,,
1564377609104,58880.20215,,,,
1564377610140,43369.56029,,,,
1564377611174,49361.92031,,,,
1564377613260,37526.47519,,,,
1564377614289,52640.16849,,,,
1564377615324,63828.90119,,,,
1564377616350,41020.72759,,,,
1564377617385,63034.35082,,,,
1564377618419,47115.46227,,,,
1564377619454,27820.10349,,,,
1564377620489,43704.52675,,,,
1564377625666,59319.7943,,,,
1564377628769,54438.01953,,,,
1564377629804,53290.95016,,,,
1564377631874,53494.53785,,,,
1564377632910,63222.74809,,,,
1564377633944,57468.24477,,,,
1564377634979,55509.01438,,,,
1564377636014,48167.17259,,,,
1564377637049,46105.73695,,,,
1564377639120,52867.92054,,,,
1564377644294,40822.30261,,,,
1564377645329,28302.30067,,,,
1564377649470,38110.04775,,,,
1564377650505,47287.8772,,,,
1564377651539,56268.22083,,,,
1564377652574,63714.16553,,,,
1564377653609,39887.05265,,,,
1564377654644,49772.7006,,,,
1564377655679,49038.62266,,,,
1564377656714,43356.49778,,,,
1564377661891,57484.54668,,,,
1564377662924,55260.06243,,,,
1564377663959,45574.04249,,,,
1564377664994,56932.77264,,,,
1564377666029,34739.88473,,,,
1564377667065,40998.60271,,,,
1564377668099,58516.10058,,,,
1564377670171,50338.43611,,,,
1564377671205,40413.36831,,,,
1564377672239,42212.55039,,,,
1564377673274,45251.72209,,,,
1564377675345,45227.60009,,,,
1564377676379,60406.85026,,,,
1564377677414,34365.0253,,,,
1564377678449,40250.8056,,,,
1564377679485,60505.32432,,,,
1564377680519,35095.95394,,,,
1564377685694,61954.04111,,,,
1564377687764,40362.46306,,,,
1564377688800,34890.19955,,,,
1564377689834,45345.94703,,,,
1564377691387,49132.70445,,,,
1564377696044,49885.61089,,,,
1564377701220,46681.09708,,,,
1564377703289,50778.69334,,,,
1564377704324,54837.07099,,,,
1564377705359,59286.44309,,,,
1564377707429,40311.47682,,,,
1564377708464,49235.31115,,,,
1564377709499,35010.63459,,,,
1564377710535,65804.96269,,,,
1564377712605,44611.65708,,,,
1564377714156,44149.50932,,,,
1564377714674,51586.47713,,,,
1564377715709,62327.79485,,,,
1564377716745,39266.69662,,,,
1564377717780,31326.79969,,,,
1564377718814,55432.52774,,,,
1564377719849,68265.08938,,,,
1564377719850,51265.91994,,,,
1564377719851,54046.42933,,,,
1564377719852,40869.10182,,,,
1564377719853,67066.56738,,,,
1564377719854,60907.64731,,,,
1564377719855,53513.01172,,,,
1564377719856,42008.75196,,,,
1564377719857,49419.2146,,,,
1564377719858,63968.48164,,,,
1564377719859,51358.38339,,,,
1564377719860,57374.40437,,,,
1564377719849,61347.47867,,,,
1564377719850,40704.33235,,,,
1564377719851,46929.45561,,,,
1564377719852,44885.58449,,,,
1564377719853,57870.64977,,,,
1564377719854,54024.92629,,,,
1564377719855,72702.75935,,,,
1564377719856,42494.64985,,,,
1564377719857,60995.13959,,,,
1564377719858,54564.85938,,,,
1564377719859,26072.68048,,,,
1564377719860,45734.26364,,,,
1564377719849,47355.59802,,,,
1564377719850,40931.23426,,,,
1564377719851,50010.23042,,,,
1564377719852,59722.54458,,,,
1564377719853,51433.26595,,,,
1564377719854,40063.65775,,,,
1564377719855,38324.31193,,,,
1564377719856,52784.32625,,,,
1564377719857,50470.25092,,,,
1564377719858,57797.63238,,,,
1564377719859,61249.1849,,,,
1564377719860,69756.545,,,,
1564377719849,81799.69298,,,,
1564377719850,40280.02468,,,,
1564377719851,47137.92712,,,,
1564377719852,69298.9328,,,,
1564377719853,65734.21454,,,,
1564377719854,55342.81487,,,,
1564377719855,33190.3444,,,,
1564377719856,47788.02504,,,,
1564377719857,55747.37496,,,,
1564377719858,50795.80865,,,,
1564377719859,57952.25142,,,,
1564377719860,62783.96795,,,,
1564377719849,40102.71795,,,,
1564377719850,53905.63389,,,,
1564377719851,33919.6651,,,,
1564377719852,54150.42851,,,,
1564377719853,53274.5921,,,,
1564377719854,47907.64345,,,,
1564377719855,54895.15673,,,,
1564377719856,60574.6865,,,,
1564377719857,42605.78385,,,,
1564377719858,39245.53856,,,,
1564377719859,42400.44748,,,,
1564377719860,74769.53,,,,
1564377719849,53303.21599,,,,
1564377719850,49650.3618,,,,
1564377719851,44540.35364,,,,
1564377719852,53068.13551,,,,
1564377719853,35472.86156,,,,
1564377719854,51838.79783,,,,
1564377719855,41241.55643,,,,
1564377719856,58145.83018,,,,
1564377719857,50731.59394,,,,
1564377719858,52725.67899,,,,
1564377719859,52991.58788,,,,
1564377719860,48585.20253,,,,
1564377719849,41476.70846,,,,
1564377719850,35382.07143,,,,
1564377719851,47648.38398,,,,
1564377719852,46529.35085,,,,
1564377719853,65480.75327,,,,
1564377719854,39704.33835,,,,
1564377719855,43540.29516,,,,
1564377719856,55707.31438,,,,
1564377719857,55708.73589,,,,
1564377719858,37990.77308,,,,
1564377719859,74566.7715,,,,
1564377719860,40640.467,,,,
1564377719849,42946.73662,,,,
1564377719850,54514.7049,,,,
1564377719851,33339.97135,,,,
1564377719852,42396.41044,,,,
1564377719853,54229.82497,,,,
1564377719854,52469.78651,,,,
1564377719855,53240.50038,,,,
1564377719856,65357.6829,,,,
1564377719857,51126.17833,,,,
1564377719858,41295.0147,,,,
1564377719859,60864.26187,,,,
1564377719860,59177.59948,,,,
1564377719849,48115.38201,,,,
1564377719850,45940.6148,,,,
1564377719851,49302.80811,,,,
1564377719852,40191.79301,,,,
1564377719853,65852.28147,,,,
1564377719854,49880.86467,,,,
1564377719855,53118.09765,,,,
1564377719856,61898.71547,,,,
1564377719857,39867.94803,,,,
1564377719858,49541.96843,,,,
1564377719859,31358.81577,,,,
1564377719860,38975.56881,,,,
1564377719849,39402.65174,,,,
1564377719850,46669.89421,,,,
1564377719851,30004.42559,,,,
1564377719852,66382.77226,,,,
1564377719853,59028.76744,,,,
1564377719854,45034.48046,,,,
1564377719855,47815.05607,,,,
1564377719856,58776.42504,,,,
1564377719857,32964.10438,,,,
1564377719858,66273.01637,,,,
1564377719859,43633.26882,,,,
1564377719860,56718.44922,,,,
1564377719849,46366.23314,,,,
1564377719850,47312.08098,,,,
1564377719851,27284.88124,,,,
1564377719852,66772.7893,,,,
1564377719853,49296.56327,,,,
1564377719854,43098.77324,,,,
1564377719855,64861.23661,,,,
1564377719856,56292.47123,,,,
1564377719857,48628.96012,,,,
1564377719858,42655.61731,,,,
1564377719859,48806.98373,,,,
1564377719860,32406.08202,,,,
1564377719849,38917.51897,,,,
1564377719850,38468.13836,,,,
1564377719851,57410.67755,,,,
1564377719852,71607.96877,,,,
1564377719853,34178.89154,,,,
1564377719854,38968.4287,,,,
1564377719855,50321.76834,,,,
1564377719856,32287.83922,,,,
1564377719857,56408.06298,,,,
1564377719858,35431.70364,,,,
1564377719859,37488.94618,,,,
1564377719860,47756.10847,,,,
1564377719849,55044.79535,,,,
1564377719850,51829.41201,,,,
1564377719851,61224.38943,,,,
1564377719852,60863.14233,,,,
1564377719853,46915.89797,,,,
1564377719854,36527.82939,,,,
1564377719855,64801.7629,,,,
1564377719856,50207.12322,,,,
1564377719857,48940.78423,,,,
1564377719858,70404.85357,,,,
1564377719859,50429.52786,,,,
1564377719860,47150.30263,,,,
1564377719849,45434.84521,,,,
1564377719850,57582.7322,,,,
1564377719851,50660.74474,,,,
1564377719852,36381.16121,,,,
1564377719853,54240.26496,,,,
1564377719854,35805.65601,,,,
1564377719855,57399.23326,,,,
1564377719856,37202.98189,,,,
1564377719857,50095.97116,,,,
1564377719858,46607.46295,,,,
1564377719859,39574.50635,,,,
1564377719860,45742.42154,,,,
1564377719849,56273.383,,,,
1564377719850,40379.53078,,,,
1564377719851,61006.85567,,,,
1564377719852,56076.25933,,,,
1564377719853,59028.10422,,,,
1564377719854,47970.78997,,,,
1564377719855,38856.98031,,,,
1564377719856,52284.05825,,,,
1564377719857,42311.60924,,,,
1564377719858,52782.90953,,,,
1564377719859,50501.91623,,,,
1564377719860,51311.82215,,,,
1564377719849,48060.92277,,,,
1564377719850,54376.85847,,,,
1564377719851,51642.08076,,,,
1564377719852,40709.61161,,,,
1564377719853,42582.12358,,,,
1564377719854,48044.27823,,,,
1564377719855,46249.47693,,,,
1564377719856,35158.01757,,,,
1564377719857,20707.53478,,,,
1564377719858,50070.29531,,,,
1564377719859,46938.64201,,,,
1564377719860,53210.50273,,,,
1564377719849,61271.51715,,,,
1564377719850,48731.40407,,,,
1564377719851,52890.63819,,,,
1564377719852,58929.29266,,,,
1564377719853,49162.01275,,,,
1564377719854,43094.29278,,,,
1564377719855,43741.06392,,,,
1564377719856,61248.25305,,,,
1564377719857,31756.81031,,,,
1564377719858,58890.16961,,,,
1564377719859,40608.06612,,,,
1564377719860,42074.91631,,,,
1564377719849,36408.47092,,,,
1564377719850,58211.17973,,,,
1564377719851,48709.27868,,,,
1564377719852,69444.79452,,,,
1564377719853,63091.73368,,,,
1564377719854,59389.933,,,,
1564377719855,42466.94767,,,,
1564377719856,48491.25387,,,,
1564377719857,48928.00334,,,,
1564377719858,57341.46147,,,,
1564377719859,46733.79293,,,,
1564377719860,53370.38899,,,,
1564377719849,45964.69289,,,,
1564377719850,53794.13111,,,,
1564377719851,50277.56992,,,,
1564377719852,38673.23973,,,,
1564377719853,44863.67004,,,,
1564377719854,43547.9548,,,,
1564377719855,68609.81642,,,,
1564377719856,48844.53091,,,,
1564377719857,48897.98446,,,,
1564377719858,52556.70837,,,,
1564377719859,38273.85906,,,,
1564377719860,53677.56492,,,,
1564377719849,37268.87999,,,,
1564377719850,53624.43819,,,,
1564377719851,58692.0444,,,,
1564377719852,67158.66908,,,,
1564377719853,47772.6021,,,,
1564377719854,29259.31282,,,,
1564377719855,58420.24423,,,,
1564377719856,54783.80281,,,,
1564377719857,37001.98683,,,,
1564377719858,47420.2499,,,,
1564377719859,55247.34108,,,,
1564377719860,60988.1785,,,,
1564377719849,61518.58216,,,,
1564377719850,43964.19303,,,,
1564377719851,50881.25563,,,,
1564377719852,46102.87412,,,,
1564377719853,56576.39002,,,,
1564377719854,58712.18326,,,,
1564377719855,47087.71203,,,,
1564377719856,50921.80393,,,,
1564377719857,39403.17922,,,,
1564377719858,37547.9542,,,,
1564377719859,54132.66759,,,,
1564377719860,59461.00861,,,,
1564377719849,79794.85738,,,,
1564377719850,45346.78224,,,,
1564377719851,70650.02601,,,,
1564377719852,47453.15829,,,,
1564377719853,50519.95963,,,,
1564377719854,49050.62144,,,,
1564377719855,47401.09711,,,,
1564377719856,50950.45924,,,,
1564377719857,49473.58581,,,,
1564377719858,43207.5134,,,,
1564377719859,48392.96038,,,,
1564377719860,55487.56154,,,,
1564377719849,57901.42865,,,,
1564377719850,64544.51336,,,,
1564377719851,33426.41112,,,,
1564377719852,60759.41255,,,,
1564377719853,42614.52857,,,,
1564377719854,43312.22417,,,,
1564377719855,38195.63933,,,,
1564377719856,66272.93271,,,,
1564377719857,45662.87086,,,,
1564377719858,39153.2966,,,,
1564377719859,34093.5755,,,,
1564377719860,56668.53373,,,,
1564377719849,55290.59987,,,,
1564377719850,49380.90896,,,,
1564377719851,75011.03327,,,,
1564377719852,38268.30897,,,,
1564377719853,43204.2468,,,,
1564377719854,58186.5641,,,,
1564377719855,47593.59257,,,,
1564377719856,54052.14984,,,,
1564377719857,42046.1212,,,,
1564377719858,46985.58787,,,,
1564377719859,58152.1922,,,,
1564377719860,58481.72732,,,,
1564377719849,60570.70485,,,,
1564377719850,53344.92646,,,,
1564377719851,62324.40332,,,,
1564377719852,48121.20266,,,,
1564377719853,44856.06508,,,,
1564377719854,42883.08709,,,,
1564377719855,40366.51774,,,,
1564377719856,63593.93421,,,,
1564377719857,53367.87939,,,,
1564377719858,51931.77298,,,,
1564377719859,39686.36692,,,,
1564377719860,42504.64781,,,,
1564377719849,52808.09542,,,,
1564377719850,49853.42335,,,,
1564377719851,51944.18071,,,,
1564377719852,30770.65109,,,,
1564377719853,46278.08108,,,,
1564377719854,44106.77674,,,,
1564377719855,46041.23148,,,,
1564377719856,29696.48635,,,,
1564377719857,44288.47406,,,,
1564377719858,50075.3447,,,,
1564377719859,46005.57754,,,,
1564377719860,50048.1761,,,,
1564377719849,49691.09563,,,,
1564377719850,59879.589,,,,
1564377719851,50702.46581,,,,
1564377719852,61375.4454,,,,
1564377719853,40631.27124,,,,
1564377719854,43757.47889,,,,
1564377719855,32125.37284,,,,
1564377719856,64587.25747,,,,
1564377719857,54345.42695,,,,
1564377719858,50770.28515,,,,
1564377719859,59943.299,,,,
1564377719860,48854.05132,,,,
1564377719849,28523.47032,,,,
1564377719850,41622.06712,,,,
1564377719851,30769.90179,,,,
1564377719852,61041.75115,,,,
1564377719853,51826.18294,,,,
1564377719854,33723.68764,,,,
1564377719855,44152.88886,,,,
1564377719856,60939.19271,,,,
1564377719857,67691.02828,,,,
1564377719858,24419.5986,,,,
1564377719859,23795.42021,,,,
1564377719860,43773.61678,,,,
1564377719849,40313.70882,,,,
1564377719850,58121.29884,,,,
1564377719851,58111.64284,,,,
1564377719852,39179.77017,,,,
1564377719853,57398.7884,,,,
1564377719854,50315.2012,,,,
1564377719855,57492.28969,,,,
1564377719856,56373.29228,,,,
1564377719857,42335.50613,,,,
1564377719858,51007.47425,,,,
1564377719859,29527.34608,,,,
1564377719860,44882.23487,,,,
1564377719849,54429.33762,,,,
1564377719850,39385.27158,,,,
1564377719851,49661.3262,,,,
1564377719852,29258.17895,,,,
1564377719853,50206.57385,,,,
1564377719854,52270.62916,,,,
1564377719855,34452.80718,,,,
1564377719856,60812.28553,,,,
1564377719857,51519.85923,,,,
1564377719858,66840.93924,,,,
1564377719859,49116.75563,,,,
1564377719860,48733.16649,,,,
1564377719849,65592.81293,,,,
1564377719850,55846.42074,,,,
1564377719851,61606.93816,,,,
1564377719852,43633.99469,,,,
1564377719853,65400.26643,,,,
1564377719854,46934.2439,,,,
1564377719855,46746.0284,,,,
1564377719856,31239.51608,,,,
1564377719857,52080.74865,,,,
1564377719858,34612.80332,,,,
1564377719859,49311.8143,,,,
1564377719860,52737.95256,,,,
1564377719849,58461.70649,,,,
1564377719850,36480.52253,,,,
1564377719851,51901.69399,,,,
1564377719852,41553.1296,,,,
1564377719853,60981.59278,,,,
1564377719854,42644.81481,,,,
1564377719855,81612.5309,,,,
1564377719856,59656.35243,,,,
1564377719857,45196.84397,,,,
1564377719858,45688.12864,,,,
1564377719859,46725.46817,,,,
1564377719860,30438.43664,,,,
1564377719849,55292.42762,,,,
1564377719850,50738.09446,,,,
1564377719851,44075.38749,,,,
1564377719852,64439.69736,,,,
1564377719853,40985.55764,,,,
1564377719854,44218.50634,,,,
1564377719855,52650.2773,,,,
1564377719856,31222.38197,,,,
1564377719857,64375.12734,,,,
1564377719858,48044.17457,,,,
1564377719859,57348.85586,,,,
1564377719860,66591.61682,,,,
1564377719849,36300.08401,,,,
1564377719850,27283.63718,,,,
1564377719851,55160.13369,,,,
1564377719852,38252.06498,,,,
1564377719853,44429.06084,,,,
1564377719854,49787.69956,,,,
1564377719855,53566.57225,,,,
1564377719856,50430.80558,,,,
1564377719857,41737.63348,,,,
1564377719858,32363.92883,,,,
1564377719859,54187.02634,,,,
1564377719860,51610.71651,,,,
1564377719849,57000.50195,,,,
1564377719850,27497.87331,,,,
1564377719851,44510.83484,,,,
1564377719852,36813.34206,,,,
1564377719853,36860.62851,,,,
1564377719854,40197.53636,,,,
1564377719855,59938.13322,,,,
1564377719856,61324.47031,,,,
1564377719857,56769.25274,,,,
1564377719858,55557.03722,,,,
1564377719859,59046.00918,,,,
1564377719860,47551.51783,,,,
1564377719861,64218.44922,,,,
1564377719862,37880.05941,,,,
1564377719863,31908.69787,,,,
1564377719864,46001.6248,,,,
1564377719865,62882.09218,,,,
1564377719866,81969.77602,,,,
1564377719867,53165.1072,,,,
1564377719868,61573.99556,,,,
1564377719869,36294.02543,,,,
1564377719870,56195.62108,,,,
1564377719871,39397.51737,,,,
1564377719872,63285.8331,,,,
1564377719873,47646.60374,,,,
1564377719874,68936.45732,,,,
1564377719875,60224.93219,,,,
1564377719876,29448.59963,,,,
1564377719877,42604.68896,,,,
1564377719878,39818.35573,,,,
1564377719879,42482.51673,,,,
1564377719880,59513.81343,,,,
1564377719881,67386.00528,,,,
1564377719882,42337.50913,,,,
1564377719883,38323.65504,,,,
1564377719884,51628.94758,,,,
1564377719885,56453.15524,,,,
1564377719886,58143.5009,,,,
1564377719887,56057.90089,,,,
1564377719888,44954.00888,,,,
1564377719889,42377.86897,,,,
1564377719890,53283.31039,,,,
1564377719891,53758.73153,,,,
1564377719892,24157.47318,,,,
1564377719893,60858.86865,,,,
1564377719894,53189.14597,,,,
1564377719895,44241.70779,,,,
1564377719896,53449.93922,,,,
1564377719897,35709.19431,,,,
1564377719898,49626.16062,,,,
1564377719899,68477.6481,,,,
1564377719900,44769.80215,,,,
1564377719901,47262.78594,,,,
1564377719902,57214.3442,,,,
1564377719903,57375.25621,,,,
1564377719904,46369.27029,,,,
1564377719905,60770.56804,,,,
1564377719906,51011.47713,,,,
1564377719907,53238.61815,,,,
1564377719908,39137.61586,,,,
1564377719909,53760.3076,,,,
1564377719910,36800.16687,,,,
1564377719911,37449.38266,,,,
1564377719912,46534.24097,,,,
1564377719913,46420.9839,,,,
1564377719914,49829.53226,,,,
1564377719915,63557.83549,,,,
1564377719916,39963.67394,,,,
1564377719917,38894.66135,,,,
1564377719918,55151.18679,,,,
1564377719919,59807.7391,,,,
1564377719920,56802.06585,,,,
1564377719921,54021.18696,,,,
1564377719922,44970.69036,,,,
1564377719923,69490.8037,,,,
1564377719924,47195.55975,,,,
1564377719925,62204.82938,,,,
1564377719926,41934.31618,,,,
1564377719927,63566.71309,,,,
1564377719928,42245.48455,,,,
1564377719929,66549.31514,,,,
1564377719930,55657.95284,,,,
1564377719931,40729.49897,,,,
1564377719932,51127.5191,,,,
1564377719933,52400.70505,,,,
1564377719934,55767.50637,,,,
1564377719935,50348.16887,,,,
1564377719936,28913.63459,,,,
1564377719937,63080.41226,,,,
1564377719938,43202.23054,,,,
1564377719939,72311.84582,,,,
1564377719940,50313.83702,,,,
1564377719941,47112.9285,,,,
1564377719942,48581.1816,,,,
1564377719943,41392.76291,,,,
1564377719944,69797.2693,,,,
1564377719945,41118.77662,,,,
1564377719946,58438.45586,,,,
1564377719947,49580.47899,,,,
1564377719948,52948.59762,,,,
1564377719949,39420.74828,,,,
1564377719950,50054.57775,,,,
1564377719951,57791.97703,,,,
1564377719952,61473.14677,,,,
1564377719953,56863.09849,,,,
1564377719954,44508.69596,,,,
1564377719955,65639.32998,,,,
1564377719956,61088.06248,,,,
1564377719957,45855.61656,,,,
1564377719958,42448.07048,,,,
1564377719959,50978.35666,,,,
1564377719960,51002.06717,,,,
1564377719961,52008.95816,,,,
1564377719962,61525.97772,,,,
1564377719963,44144.09922,,,,
1564377719964,64869.68695,,,,
1564377719965,43527.12224,,,,
1564377719966,51097.04436,,,,
1564377719967,45780.67288,,,,
1564377719968,36652.10861,,Q2,Q3,
1564377719969,43100.01161,,50169.29889,56862.84004,
1564377719970,47129.68114,,,,
1564377719971,49430.67337,,,,
1564377719972,49483.20568,,,,
1564377719973,50545.86053,,,,
1564377719974,59382.16361,,,,
1564377719975,45962.38027,,,,
1564377719976,44913.93159,,,,
1564377719977,59229.46301,,,,
1564377719978,52475.68452,,,,
1564377719979,64570.17999,,,,
1564377719980,52206.69174,,,,
1564377719981,60406.14548,,,,
1564377719982,40251.81016,,,,
1564377719983,43121.77988,,,,
1564377719984,500000000.3,,,,
1564377719985,100000000.8,,,,